{
  "GetUserLists" : {
    "transaction" : "GetUserLists",
    "sampleCount" : 5,
    "errorCount" : 0,
    "errorPct" : 0.0,
    "meanResTime" : 95.4,
    "medianResTime" : 55.0,
    "minResTime" : 47.0,
    "maxResTime" : 200.0,
    "pct1ResTime" : 200.0,
    "pct2ResTime" : 200.0,
    "pct3ResTime" : 200.0,
    "throughput" : 10.438413361169102,
    "receivedKBytesPerSec" : 17.828891570981213,
    "sentKBytesPerSec" : 1.3251891962421714
  },
  "Total" : {
    "transaction" : "Total",
    "sampleCount" : 11,
    "errorCount" : 0,
    "errorPct" : 0.0,
    "meanResTime" : 301.45454545454544,
    "medianResTime" : 420.0,
    "minResTime" : 47.0,
    "maxResTime" : 564.0,
    "pct1ResTime" : 560.8,
    "pct2ResTime" : 564.0,
    "pct3ResTime" : 564.0,
    "throughput" : 4.795117698343505,
    "receivedKBytesPerSec" : 5.495824705754141,
    "sentKBytesPerSec" : 0.8654540377070619
  },
  "PostUpdateUser" : {
    "transaction" : "PostUpdateUser",
    "sampleCount" : 5,
    "errorCount" : 0,
    "errorPct" : 0.0,
    "meanResTime" : 455.0,
    "medianResTime" : 428.0,
    "minResTime" : 420.0,
    "maxResTime" : 548.0,
    "pct1ResTime" : 548.0,
    "pct2ResTime" : 548.0,
    "pct3ResTime" : 548.0,
    "throughput" : 2.18435998252512,
    "receivedKBytesPerSec" : 1.514973105067715,
    "sentKBytesPerSec" : 0.49916038663171686
  },
  "DeleteUser" : {
    "transaction" : "DeleteUser",
    "sampleCount" : 1,
    "errorCount" : 0,
    "errorPct" : 0.0,
    "meanResTime" : 564.0,
    "medianResTime" : 564.0,
    "minResTime" : 564.0,
    "maxResTime" : 564.0,
    "pct1ResTime" : 564.0,
    "pct2ResTime" : 564.0,
    "pct3ResTime" : 564.0,
    "throughput" : 1.7730496453900708,
    "receivedKBytesPerSec" : 1.0631371897163122,
    "sentKBytesPerSec" : 0.3688081781914894
  }
}